<?xml version="1.0"?>
<projectProfile type="default" version="1.12.19">
  <projectDirectory>
    <projectProfileFile filesystemName=".zfproject.xml"/>
    <applicationDirectory classNamePrefix="Application_">
      <configsDirectory>
        <applicationConfigFile type="ini"/>
      </configsDirectory>
      <controllersDirectory>
        <controllerFile controllerName="Index">
          <actionMethod actionName="index"/>
          <actionMethod actionName="modificar"/>
          <actionMethod actionName="eliminar"/>
        </controllerFile>
        <controllerFile controllerName="Error"/>
        <controllerFile controllerName="Departament">
          <actionMethod actionName="index"/>
          <actionMethod actionName="nou"/>
          <actionMethod actionName="eliminar"/>
          <actionMethod actionName="modificar"/>
        </controllerFile>
        <controllerFile controllerName="Empleats">
          <actionMethod actionName="index"/>
          <actionMethod actionName="nou"/>
          <actionMethod actionName="eliminar"/>
          <actionMethod actionName="modificar"/>
        </controllerFile>
        <controllerFile controllerName="Login">
          <actionMethod actionName="index"/>
          <actionMethod actionName="destroy"/>
        </controllerFile>
      </controllersDirectory>
      <formsDirectory>
        <formFile formName="Departament"/>
        <formFile formName="Empleats"/>
        <formFile formName="Tasques"/>
        <formFile formName="Login"/>
      </formsDirectory>
      <layoutsDirectory enabled="false"/>
      <modelsDirectory>
        <dbTableDirectory>
          <dbTableFile dbTableName="Departament"/>
          <dbTableFile dbTableName="Empleats"/>
          <dbTableFile dbTableName="Tasques"/>
          <dbTableFile dbTableName="Recursos"/>
          <dbTableFile dbTableName="Rols"/>
          <dbTableFile dbTableName="Permisos"/>
          <dbTableFile dbTableName="Usuaris"/>
        </dbTableDirectory>
      </modelsDirectory>
      <modulesDirectory enabled="false"/>
      <servicesDirectory enabled="false"/>
      <viewsDirectory>
        <viewScriptsDirectory>
          <viewControllerScriptsDirectory forControllerName="Index">
            <viewScriptFile forActionName="index"/>
          </viewControllerScriptsDirectory>
          <viewControllerScriptsDirectory forControllerName="Error">
            <viewScriptFile forActionName="error"/>
          </viewControllerScriptsDirectory>
          <viewControllerScriptsDirectory forControllerName="Departament">
            <viewScriptFile forActionName="index"/>
          </viewControllerScriptsDirectory>
          <viewControllerScriptsDirectory forControllerName="Departament">
            <viewScriptFile forActionName="nou"/>
          </viewControllerScriptsDirectory>
          <viewControllerScriptsDirectory forControllerName="Empleats">
            <viewScriptFile forActionName="index"/>
          </viewControllerScriptsDirectory>
          <viewControllerScriptsDirectory forControllerName="Index">
            <viewScriptFile forActionName="modificar"/>
          </viewControllerScriptsDirectory>
          <viewControllerScriptsDirectory forControllerName="Index">
            <viewScriptFile forActionName="eliminar"/>
          </viewControllerScriptsDirectory>
          <viewControllerScriptsDirectory forControllerName="Departament">
            <viewScriptFile forActionName="eliminar"/>
          </viewControllerScriptsDirectory>
          <viewControllerScriptsDirectory forControllerName="Departament">
            <viewScriptFile forActionName="modificar"/>
          </viewControllerScriptsDirectory>
          <viewControllerScriptsDirectory forControllerName="Empleats">
            <viewScriptFile forActionName="nou"/>
          </viewControllerScriptsDirectory>
          <viewControllerScriptsDirectory forControllerName="Empleats">
            <viewScriptFile forActionName="eliminar"/>
          </viewControllerScriptsDirectory>
          <viewControllerScriptsDirectory forControllerName="Empleats">
            <viewScriptFile forActionName="modificar"/>
          </viewControllerScriptsDirectory>
          <viewControllerScriptsDirectory forControllerName="Login">
            <viewScriptFile forActionName="index"/>
          </viewControllerScriptsDirectory>
          <viewControllerScriptsDirectory forControllerName="Login">
            <viewScriptFile forActionName="destroy"/>
          </viewControllerScriptsDirectory>
        </viewScriptsDirectory>
        <viewHelpersDirectory/>
        <viewFiltersDirectory enabled="false"/>
      </viewsDirectory>
      <bootstrapFile filesystemName="Bootstrap.php"/>
    </applicationDirectory>
    <dataDirectory enabled="false">
      <cacheDirectory enabled="false"/>
      <searchIndexesDirectory enabled="false"/>
      <localesDirectory enabled="false"/>
      <logsDirectory enabled="false"/>
      <sessionsDirectory enabled="false"/>
      <uploadsDirectory enabled="false"/>
    </dataDirectory>
    <docsDirectory>
      <file filesystemName="README.txt"/>
    </docsDirectory>
    <libraryDirectory>
      <zfStandardLibraryDirectory enabled="false"/>
    </libraryDirectory>
    <publicDirectory>
      <publicStylesheetsDirectory enabled="false"/>
      <publicScriptsDirectory enabled="false"/>
      <publicImagesDirectory enabled="false"/>
      <publicIndexFile filesystemName="index.php"/>
      <htaccessFile filesystemName=".htaccess"/>
    </publicDirectory>
    <projectProvidersDirectory enabled="false"/>
    <temporaryDirectory enabled="false"/>
    <testsDirectory>
      <testPHPUnitConfigFile filesystemName="phpunit.xml"/>
      <testPHPUnitBootstrapFile filesystemName="bootstrap.php"/>
      <testApplicationDirectory>
        <testApplicationControllerDirectory>
          <testApplicationControllerFile forControllerName="Index"/>
        </testApplicationControllerDirectory>
      </testApplicationDirectory>
      <testLibraryDirectory/>
    </testsDirectory>
  </projectDirectory>
</projectProfile>
