-- phpMyAdmin SQL Dump
-- version 4.7.0
-- https://www.phpmyadmin.net/
--
-- Servidor: 127.0.0.1
-- Temps de generació: 01-02-2019 a les 19:49:59
-- Versió del servidor: 5.7.17
-- Versió de PHP: 7.1.3

SET SQL_MODE = "NO_AUTO_VALUE_ON_ZERO";
SET AUTOCOMMIT = 0;
START TRANSACTION;
SET time_zone = "+00:00";


/*!40101 SET @OLD_CHARACTER_SET_CLIENT=@@CHARACTER_SET_CLIENT */;
/*!40101 SET @OLD_CHARACTER_SET_RESULTS=@@CHARACTER_SET_RESULTS */;
/*!40101 SET @OLD_COLLATION_CONNECTION=@@COLLATION_CONNECTION */;
/*!40101 SET NAMES utf8mb4 */;

--
-- Base de dades: `examenci`
--

-- --------------------------------------------------------

--
-- Estructura de la taula `categoria`
--

CREATE TABLE `categoria` (
  `id` int(2) NOT NULL,
  `nom` varchar(25) NOT NULL
) ENGINE=MyISAM DEFAULT CHARSET=latin1;

--
-- Bolcant dades de la taula `categoria`
--

INSERT INTO `categoria` (`id`, `nom`) VALUES
(1, 'General'),
(2, 'Esport'),
(3, 'Politica'),
(4, 'Cultura');

-- --------------------------------------------------------

--
-- Estructura de la taula `ci_sessions`
--

CREATE TABLE `ci_sessions` (
  `id` varchar(40) NOT NULL,
  `ip_address` varchar(45) NOT NULL,
  `timestamp` int(10) UNSIGNED NOT NULL DEFAULT '0',
  `data` blob NOT NULL
) ENGINE=MyISAM DEFAULT CHARSET=latin1;

--
-- Bolcant dades de la taula `ci_sessions`
--

INSERT INTO `ci_sessions` (`id`, `ip_address`, `timestamp`, `data`) VALUES
('8vdb6stir8h0eugnlr2lsnsip6cgqb1o', '127.0.0.1', 1544479140, 0x5f5f63695f6c6173745f726567656e65726174657c693a313534343437393134303b),
('gehi4t7rd6aqsbshebu782hcj4eqvjm1', '127.0.0.1', 1544484238, 0x5f5f63695f6c6173745f726567656e65726174657c693a313534343438343233383b),
('pbqjiuh9rkn5hp6lqsq30k82q73d3mvo', '127.0.0.1', 1544484238, 0x5f5f63695f6c6173745f726567656e65726174657c693a313534343438343233383b),
('04jfg32fsbgmij0p6j4fm9tlam9heki0', '127.0.0.1', 1544484238, 0x5f5f63695f6c6173745f726567656e65726174657c693a313534343438343233383b),
('s67mim8i5lnvg1qqah65noht352mii10', '127.0.0.1', 1544484238, 0x5f5f63695f6c6173745f726567656e65726174657c693a313534343438343233383b),
('ngp44pgrlm7ndm4a2j8ulq6aim657c2a', '127.0.0.1', 1544484238, 0x5f5f63695f6c6173745f726567656e65726174657c693a313534343438343233383b),
('no5ggf2jo6vknaju8s3oq8b6mgcs1hom', '127.0.0.1', 1544484238, 0x5f5f63695f6c6173745f726567656e65726174657c693a313534343438343233383b),
('rbrgt0da1tm5ietmjoq8fvud5sec6ov5', '127.0.0.1', 1544484238, 0x5f5f63695f6c6173745f726567656e65726174657c693a313534343438343233383b),
('f0amjbore8da0dptnf1j7bvdi3e6m05b', '127.0.0.1', 1544484254, 0x5f5f63695f6c6173745f726567656e65726174657c693a313534343438343235343b),
('th6e1ot0c4ap0jltg3a3mc1i6540ietb', '127.0.0.1', 1544484254, 0x5f5f63695f6c6173745f726567656e65726174657c693a313534343438343235343b),
('41cmimb1evfjclkbbjnr2jm4pt4cq0sh', '127.0.0.1', 1544484255, 0x5f5f63695f6c6173745f726567656e65726174657c693a313534343438343235343b),
('ialia31qaggr31huaphht7cl1j542co8', '127.0.0.1', 1544484255, 0x5f5f63695f6c6173745f726567656e65726174657c693a313534343438343235353b),
('pscp4eqauhbak9j47dptcbfeqli2amqp', '127.0.0.1', 1544484255, 0x5f5f63695f6c6173745f726567656e65726174657c693a313534343438343235353b),
('t8prom6omrsm4pq1n07gc84o3rjvmnmo', '127.0.0.1', 1544484255, 0x5f5f63695f6c6173745f726567656e65726174657c693a313534343438343235353b),
('9epe9rm8mn0nk8egvniiefvivjj3essn', '127.0.0.1', 1544484255, 0x5f5f63695f6c6173745f726567656e65726174657c693a313534343438343235353b),
('tl9genifd9q6nnrsl0rjbs24bvsetav4', '127.0.0.1', 1544484255, 0x5f5f63695f6c6173745f726567656e65726174657c693a313534343438343235353b),
('5g6im80ujdqq06smh0duqbe9apfrbrbq', '127.0.0.1', 1544484255, 0x5f5f63695f6c6173745f726567656e65726174657c693a313534343438343235353b),
('4f1emisfoqo9kg9d8mggkot2hdced24d', '127.0.0.1', 1544484255, 0x5f5f63695f6c6173745f726567656e65726174657c693a313534343438343235353b),
('scig0o0otit67aa60cou9mjpego5vnuu', '127.0.0.1', 1544484255, 0x5f5f63695f6c6173745f726567656e65726174657c693a313534343438343235353b),
('2t498vi117kt593sirdavjbs8pgk3itn', '127.0.0.1', 1544485816, 0x5f5f63695f6c6173745f726567656e65726174657c693a313534343438353831363b),
('mbpre3apvrboqeq5hniifuiuljlk8vqg', '127.0.0.1', 1544491015, 0x5f5f63695f6c6173745f726567656e65726174657c693a313534343439313031353b),
('bbidaakmgiq994efcbpt0tqfoeln0gbp', '127.0.0.1', 1544491020, 0x5f5f63695f6c6173745f726567656e65726174657c693a313534343439313032303b),
('4beqhrn0p8ki9il8tcnpm56mmhmad7rb', '127.0.0.1', 1544493031, 0x5f5f63695f6c6173745f726567656e65726174657c693a313534343439333033303b),
('85nt8712akhl78fut43g273a2ogdlkh4', '127.0.0.1', 1544493631, 0x5f5f63695f6c6173745f726567656e65726174657c693a313534343439333335343b),
('jg3lptuppd86uu4ovs1hd3520degb8q4', '127.0.0.1', 1544493988, 0x5f5f63695f6c6173745f726567656e65726174657c693a313534343439333639313b),
('0b6cajsk8mq7ag1bosn9veegr28m73t7', '127.0.0.1', 1544494264, 0x5f5f63695f6c6173745f726567656e65726174657c693a313534343439343030353b),
('v18osqeokmbagvf0tqnmihvau4i04s45', '127.0.0.1', 1544494726, 0x5f5f63695f6c6173745f726567656e65726174657c693a313534343439343436383b),
('rp36udnt67j508c1io62vmqopq0o7hvf', '127.0.0.1', 1544495079, 0x5f5f63695f6c6173745f726567656e65726174657c693a313534343439343738343b),
('9l3pi7c0dq82ikql0d9m3fvni6kvsq31', '127.0.0.1', 1544495175, 0x5f5f63695f6c6173745f726567656e65726174657c693a313534343439353038363b),
('vd0g5aobp3cd1e1t1sr5qunu1kjifa0p', '127.0.0.1', 1544495942, 0x5f5f63695f6c6173745f726567656e65726174657c693a313534343439353934323b),
('f81k6ihrvcdiki7cp8vsiiji8ci58kmp', '127.0.0.1', 1544496368, 0x5f5f63695f6c6173745f726567656e65726174657c693a313534343439363334313b),
('48dpo28fh47r8ilhtp6cmim5tams327n', '127.0.0.1', 1544640492, 0x5f5f63695f6c6173745f726567656e65726174657c693a313534343634303439323b),
('uv9s5ir0plq72rd2suqj2qipm01d4tg8', '127.0.0.1', 1544640794, 0x5f5f63695f6c6173745f726567656e65726174657c693a313534343634303536353b),
('8vdb6stir8h0eugnlr2lsnsip6cgqb1o', '127.0.0.1', 1544479140, 0x5f5f63695f6c6173745f726567656e65726174657c693a313534343437393134303b),
('gehi4t7rd6aqsbshebu782hcj4eqvjm1', '127.0.0.1', 1544484238, 0x5f5f63695f6c6173745f726567656e65726174657c693a313534343438343233383b),
('pbqjiuh9rkn5hp6lqsq30k82q73d3mvo', '127.0.0.1', 1544484238, 0x5f5f63695f6c6173745f726567656e65726174657c693a313534343438343233383b),
('04jfg32fsbgmij0p6j4fm9tlam9heki0', '127.0.0.1', 1544484238, 0x5f5f63695f6c6173745f726567656e65726174657c693a313534343438343233383b),
('s67mim8i5lnvg1qqah65noht352mii10', '127.0.0.1', 1544484238, 0x5f5f63695f6c6173745f726567656e65726174657c693a313534343438343233383b),
('ngp44pgrlm7ndm4a2j8ulq6aim657c2a', '127.0.0.1', 1544484238, 0x5f5f63695f6c6173745f726567656e65726174657c693a313534343438343233383b),
('no5ggf2jo6vknaju8s3oq8b6mgcs1hom', '127.0.0.1', 1544484238, 0x5f5f63695f6c6173745f726567656e65726174657c693a313534343438343233383b),
('rbrgt0da1tm5ietmjoq8fvud5sec6ov5', '127.0.0.1', 1544484238, 0x5f5f63695f6c6173745f726567656e65726174657c693a313534343438343233383b),
('f0amjbore8da0dptnf1j7bvdi3e6m05b', '127.0.0.1', 1544484254, 0x5f5f63695f6c6173745f726567656e65726174657c693a313534343438343235343b),
('th6e1ot0c4ap0jltg3a3mc1i6540ietb', '127.0.0.1', 1544484254, 0x5f5f63695f6c6173745f726567656e65726174657c693a313534343438343235343b),
('41cmimb1evfjclkbbjnr2jm4pt4cq0sh', '127.0.0.1', 1544484255, 0x5f5f63695f6c6173745f726567656e65726174657c693a313534343438343235343b),
('ialia31qaggr31huaphht7cl1j542co8', '127.0.0.1', 1544484255, 0x5f5f63695f6c6173745f726567656e65726174657c693a313534343438343235353b),
('pscp4eqauhbak9j47dptcbfeqli2amqp', '127.0.0.1', 1544484255, 0x5f5f63695f6c6173745f726567656e65726174657c693a313534343438343235353b),
('t8prom6omrsm4pq1n07gc84o3rjvmnmo', '127.0.0.1', 1544484255, 0x5f5f63695f6c6173745f726567656e65726174657c693a313534343438343235353b),
('9epe9rm8mn0nk8egvniiefvivjj3essn', '127.0.0.1', 1544484255, 0x5f5f63695f6c6173745f726567656e65726174657c693a313534343438343235353b),
('tl9genifd9q6nnrsl0rjbs24bvsetav4', '127.0.0.1', 1544484255, 0x5f5f63695f6c6173745f726567656e65726174657c693a313534343438343235353b),
('5g6im80ujdqq06smh0duqbe9apfrbrbq', '127.0.0.1', 1544484255, 0x5f5f63695f6c6173745f726567656e65726174657c693a313534343438343235353b),
('4f1emisfoqo9kg9d8mggkot2hdced24d', '127.0.0.1', 1544484255, 0x5f5f63695f6c6173745f726567656e65726174657c693a313534343438343235353b),
('scig0o0otit67aa60cou9mjpego5vnuu', '127.0.0.1', 1544484255, 0x5f5f63695f6c6173745f726567656e65726174657c693a313534343438343235353b),
('2t498vi117kt593sirdavjbs8pgk3itn', '127.0.0.1', 1544485816, 0x5f5f63695f6c6173745f726567656e65726174657c693a313534343438353831363b),
('mbpre3apvrboqeq5hniifuiuljlk8vqg', '127.0.0.1', 1544491015, 0x5f5f63695f6c6173745f726567656e65726174657c693a313534343439313031353b),
('bbidaakmgiq994efcbpt0tqfoeln0gbp', '127.0.0.1', 1544491020, 0x5f5f63695f6c6173745f726567656e65726174657c693a313534343439313032303b),
('4beqhrn0p8ki9il8tcnpm56mmhmad7rb', '127.0.0.1', 1544493031, 0x5f5f63695f6c6173745f726567656e65726174657c693a313534343439333033303b),
('85nt8712akhl78fut43g273a2ogdlkh4', '127.0.0.1', 1544493631, 0x5f5f63695f6c6173745f726567656e65726174657c693a313534343439333335343b),
('jg3lptuppd86uu4ovs1hd3520degb8q4', '127.0.0.1', 1544493988, 0x5f5f63695f6c6173745f726567656e65726174657c693a313534343439333639313b),
('0b6cajsk8mq7ag1bosn9veegr28m73t7', '127.0.0.1', 1544494264, 0x5f5f63695f6c6173745f726567656e65726174657c693a313534343439343030353b),
('v18osqeokmbagvf0tqnmihvau4i04s45', '127.0.0.1', 1544494726, 0x5f5f63695f6c6173745f726567656e65726174657c693a313534343439343436383b),
('rp36udnt67j508c1io62vmqopq0o7hvf', '127.0.0.1', 1544495079, 0x5f5f63695f6c6173745f726567656e65726174657c693a313534343439343738343b),
('9l3pi7c0dq82ikql0d9m3fvni6kvsq31', '127.0.0.1', 1544495175, 0x5f5f63695f6c6173745f726567656e65726174657c693a313534343439353038363b),
('vd0g5aobp3cd1e1t1sr5qunu1kjifa0p', '127.0.0.1', 1544495942, 0x5f5f63695f6c6173745f726567656e65726174657c693a313534343439353934323b),
('f81k6ihrvcdiki7cp8vsiiji8ci58kmp', '127.0.0.1', 1544496368, 0x5f5f63695f6c6173745f726567656e65726174657c693a313534343439363334313b),
('qpsaf1859j2sqfafmo7jce87ssgf1huv', '127.0.0.1', 1544640951, 0x5f5f63695f6c6173745f726567656e65726174657c693a313534343634303839303b636f646950726f706965746172697c733a313a2233223b),
('nlv9ven25l82pvdtjvc0dco8d4vs4o5e', '127.0.0.1', 1549036467, 0x5f5f63695f6c6173745f726567656e65726174657c693a313534393033363436373b636f646950726f706965746172697c733a313a2232223b),
('famqusidstfl6e39qvmitl7tqi91kldp', '127.0.0.1', 1549037678, 0x5f5f63695f6c6173745f726567656e65726174657c693a313534393033373637383b636f646950726f706965746172697c733a313a2232223b),
('cm88qbfht8q2uocritqaommd9tpgipmt', '127.0.0.1', 1549038088, 0x5f5f63695f6c6173745f726567656e65726174657c693a313534393033383038383b636f646950726f706965746172697c733a313a2232223b),
('trsb1t1hd36frju8jlmhlmr5r33o4p7b', '127.0.0.1', 1549038998, 0x5f5f63695f6c6173745f726567656e65726174657c693a313534393033383939383b636f646950726f706965746172697c733a313a2232223b),
('8res6252k88kpp6hdjul4tpf2fv57nu4', '127.0.0.1', 1549039459, 0x5f5f63695f6c6173745f726567656e65726174657c693a313534393033393435393b636f646950726f706965746172697c733a313a2232223b),
('svlkrg6tbq17o0uhim1qg8008fj06o36', '127.0.0.1', 1549039782, 0x5f5f63695f6c6173745f726567656e65726174657c693a313534393033393738323b636f646950726f706965746172697c733a313a2232223b),
('thh92j0s8k8jlfqkvsou6ov5ss8t16dt', '127.0.0.1', 1549040184, 0x5f5f63695f6c6173745f726567656e65726174657c693a313534393034303138343b636f646950726f706965746172697c733a313a2232223b),
('m704lm4cvc4jdn8lfmuvslh26qem1o03', '127.0.0.1', 1549040662, 0x5f5f63695f6c6173745f726567656e65726174657c693a313534393034303636323b636f646950726f706965746172697c733a313a2232223b),
('b208letjn4hhui1a6il35qvkaoh8ts5c', '127.0.0.1', 1549041027, 0x5f5f63695f6c6173745f726567656e65726174657c693a313534393034313032373b636f646950726f706965746172697c733a313a2232223b),
('3n4295a4hqcbmch654goopio52svvpjq', '127.0.0.1', 1549041845, 0x5f5f63695f6c6173745f726567656e65726174657c693a313534393034313834353b636f646950726f706965746172697c733a313a2232223b),
('la9b72g1v4j7quu9umh0oqo04lj4fq3r', '127.0.0.1', 1549042178, 0x5f5f63695f6c6173745f726567656e65726174657c693a313534393034323137383b636f646950726f706965746172697c733a313a2232223b),
('6tv7fkcp2av5drujd86hrmuvnqvdmo10', '127.0.0.1', 1549042709, 0x5f5f63695f6c6173745f726567656e65726174657c693a313534393034323730393b636f646950726f706965746172697c733a313a2232223b),
('6gikror0hb71an8ll98dh14n17jp3toj', '127.0.0.1', 1549045008, 0x5f5f63695f6c6173745f726567656e65726174657c693a313534393034353030383b636f646950726f706965746172697c733a313a2233223b636f64695573756172697c733a313a2233223b),
('lcc89ib2uv1g6oja0ap530v33ffihpfs', '127.0.0.1', 1549043391, 0x5f5f63695f6c6173745f726567656e65726174657c693a313534393034333339313b636f646950726f706965746172697c733a313a2233223b636f64695573756172697c733a313a2233223b),
('s49j1pnuri2k1dv7upi7auom8gsvg600', '127.0.0.1', 1549045427, 0x5f5f63695f6c6173745f726567656e65726174657c693a313534393034353432373b636f646950726f706965746172697c733a313a2233223b636f64695573756172697c733a313a2233223b),
('0ea5gdtfi1thctoj6op20i5so0enusr9', '127.0.0.1', 1549045782, 0x5f5f63695f6c6173745f726567656e65726174657c693a313534393034353738323b636f646950726f706965746172697c733a313a2233223b636f64695573756172697c733a313a2233223b),
('qeefn26qsafgctq6qenpclfo84d736tg', '127.0.0.1', 1549046365, 0x5f5f63695f6c6173745f726567656e65726174657c693a313534393034363336353b636f646950726f706965746172697c733a313a2233223b636f64695573756172697c733a313a2233223b),
('i4k6u6uuru99q18uhk9ofpu3siotmhqk', '127.0.0.1', 1549046976, 0x5f5f63695f6c6173745f726567656e65726174657c693a313534393034363830313b636f646950726f706965746172697c733a313a2233223b636f64695573756172697c733a313a2234223b),
('botjg74ifjv7r668qq415d2rh3i30m9j', '127.0.0.1', 1549046801, 0x5f5f63695f6c6173745f726567656e65726174657c693a313534393034363830313b636f646950726f706965746172697c733a313a2233223b636f64695573756172697c733a313a2232223b);

-- --------------------------------------------------------

--
-- Estructura de la taula `pregunta`
--

CREATE TABLE `pregunta` (
  `id` int(5) NOT NULL,
  `text` varchar(100) NOT NULL,
  `categoria` int(2) NOT NULL,
  `estat` int(1) NOT NULL,
  `respostes` int(5) NOT NULL
) ENGINE=MyISAM DEFAULT CHARSET=latin1;

--
-- Bolcant dades de la taula `pregunta`
--

INSERT INTO `pregunta` (`id`, `text`, `categoria`, `estat`, `respostes`) VALUES
(1, 'Quin dia es avui?', 1, 1, 0),
(2, 'Com es diu el professor de m7?', 1, 1, 1),
(3, 'Com es diu el millor jugador del mon?', 2, 1, 0),
(4, 'Quants punts porta el madrid a la lliga?', 2, 1, 0),
(5, 'Com es diu el president de Catalunya?', 3, 1, 0),
(6, 'Quin es el ball tipic tradicional a Catalunya?', 4, 1, 0),
(7, 'Aprovare lexamen?', 1, 1, 1),
(8, 'Test', 3, 0, 0),
(9, 'Marc test22222', 3, 0, 0);

-- --------------------------------------------------------

--
-- Estructura de la taula `usuari`
--

CREATE TABLE `usuari` (
  `id` int(3) NOT NULL,
  `mail` varchar(25) NOT NULL,
  `nom` varchar(20) NOT NULL,
  `password` varchar(20) NOT NULL
) ENGINE=MyISAM DEFAULT CHARSET=latin1;

--
-- Bolcant dades de la taula `usuari`
--

INSERT INTO `usuari` (`id`, `mail`, `nom`, `password`) VALUES
(1, 'admin', 'admin', 'admin'),
(2, 'marc@marc', 'Marc Brufau', 'marc'),
(3, 'jordi@jordi', 'Jordi Ortiz', 'jordi'),
(4, 'bernat@bernat', 'Bernat Orellana', 'bernat'),
(5, 'josep@josep', 'Josep', 'josep'),
(6, 'marc2@marc2', 'Marc', 'marc');

-- --------------------------------------------------------

--
-- Estructura de la taula `usuaripregunta`
--

CREATE TABLE `usuaripregunta` (
  `idUsuari` int(2) NOT NULL,
  `idPregunta` int(2) NOT NULL,
  `resposta` varchar(100) NOT NULL
) ENGINE=MyISAM DEFAULT CHARSET=latin1;

--
-- Bolcant dades de la taula `usuaripregunta`
--

INSERT INTO `usuaripregunta` (`idUsuari`, `idPregunta`, `resposta`) VALUES
(3, 1, 'Divendres'),
(3, 2, 'Marc'),
(3, 3, 'Messi'),
(2, 1, 'Divendres'),
(2, 2, 'marc'),
(2, 7, 'Quisap'),
(4, 2, 'Marc');

--
-- Indexos per taules bolcades
--

--
-- Index de la taula `categoria`
--
ALTER TABLE `categoria`
  ADD PRIMARY KEY (`id`);

--
-- Index de la taula `pregunta`
--
ALTER TABLE `pregunta`
  ADD PRIMARY KEY (`id`);

--
-- Index de la taula `usuari`
--
ALTER TABLE `usuari`
  ADD PRIMARY KEY (`id`);

--
-- Index de la taula `usuaripregunta`
--
ALTER TABLE `usuaripregunta`
  ADD PRIMARY KEY (`idUsuari`,`idPregunta`);

--
-- AUTO_INCREMENT per les taules bolcades
--

--
-- AUTO_INCREMENT per la taula `categoria`
--
ALTER TABLE `categoria`
  MODIFY `id` int(2) NOT NULL AUTO_INCREMENT, AUTO_INCREMENT=5;
--
-- AUTO_INCREMENT per la taula `pregunta`
--
ALTER TABLE `pregunta`
  MODIFY `id` int(5) NOT NULL AUTO_INCREMENT, AUTO_INCREMENT=10;
--
-- AUTO_INCREMENT per la taula `usuari`
--
ALTER TABLE `usuari`
  MODIFY `id` int(3) NOT NULL AUTO_INCREMENT, AUTO_INCREMENT=7;COMMIT;

/*!40101 SET CHARACTER_SET_CLIENT=@OLD_CHARACTER_SET_CLIENT */;
/*!40101 SET CHARACTER_SET_RESULTS=@OLD_CHARACTER_SET_RESULTS */;
/*!40101 SET COLLATION_CONNECTION=@OLD_COLLATION_CONNECTION */;
